"Chemical Name","CAS Number","Group Name","Location (space)","Physical State",Amount,Units,"Container ID",Bench,Shelf,"Specific Location Note",Manufacturer,"Product Name","Product Number","Submission Date","Date Received","Date Last Confirmed","Expiration Date","Date Last Changed","Container Status",Notes,"Purchase Order","Controlled Substance","Commercial Container Size","Number of Dosage Units On Hand","Finished Form (Dosage and Type)","Storage Group Category"
(+)-Griseofulvin,126-07-8,"Murphy (Robert) Group","Mellon Institute - 258",Solid,5.00000000,g,C-20138270,Fridge,,,,,,2021-04-27,2021-04-27,2021-04-27,,2021-04-27,Normal,,,No,,,,G
(+)-Griseofulvin,126-07-8,"Murphy (Robert) Group","Mellon Institute - 189",Solid,5.00000000,g,C-20123392,,,"4c fridge",,,,2017-03-16,,2017-03-16,,2017-03-16,Normal,,,No,,,,G
(S)-(+)-Camptothecin,7689-03-4,"Murphy (Robert) Group","Mellon Institute - 189",Solid,100.00000000,mg,C-20123373,,,"4c fridge",,,,2017-03-16,,2017-03-16,,2017-03-16,Normal,,,No,,,,G
"1,4-Bis(methanesulfonoxy)butane",55-98-1,"Murphy (Robert) Group","Mellon Institute - 189",Solid,10.00000000,g,C-20123387,,,"4c fridge",,,,2017-03-16,,2017-03-16,,2017-03-16,Normal,,,No,,,,G
"5,5-Diphenylhydantoin",57-41-0,"Murphy (Robert) Group","Mellon Institute - 189",Solid,1.00000000,g,C-20125201,,1,"fridge box","SIGMA-ALDRICH, INC.",,,2018-03-21,,2018-03-21,,2018-03-21,Normal,,,No,,,,G
5-Azacytadine,320-67-2,"Murphy (Robert) Group","Mellon Institute - 189",Solid,100.00000000,mg,C-20123366,,,freezer,,,,2017-03-16,,2017-03-16,,2017-03-16,Normal,,,No,,,,G
5-Fluorouracil,51-21-8,"Murphy (Robert) Group","Mellon Institute - 189",Solid,1.00000000,g,C-20070978,,,,,,,2011-02-08,,2011-02-08,,2011-02-08,Normal,,,No,,,,G
Agarose,9012-36-6,"Murphy (Robert) Group","Mellon Institute - 189",Solid,100.00000000,g,C-20070946,,,,,,,2011-02-08,,2011-02-08,,2011-02-08,Normal,,,No,,,,G
Albumin,9048-46-8,"Murphy (Robert) Group","Mellon Institute - 189",Solid,50.00000000,g,C-20114059,,,"4 degree freezer",,,,2015-03-09,,2015-03-09,,2015-03-09,Normal,,,No,,,,G
"Alexa Fluor? 488-AffiniPure F(ab')2 Fragment Goat Anti-Human IgG (H+L) (min X Bov,Hrs,Ms Sr Prot)",,"Murphy (Robert) Group","Mellon Institute - 189",Liquid,0.75000000,mg,C-20006001,,,,,,,2013-07-23,,2013-07-23,,2013-07-23,Normal,,,No,,,,U
"Alginate Lyase from Flavobacterium sp",,"Murphy (Robert) Group","Mellon Institute - 189",Solid,100.00000000,mg,C-20002073,,,,,,,2011-02-08,,2011-02-08,,2011-02-08,Normal,,,No,,,,U
"Amiloride hydrochloride hydrate",,"Murphy (Robert) Group","Mellon Institute - 189",Solid,5.00000000,g,C-20123385,,,"4c fridge",,,,2017-03-16,,2017-03-16,,2017-03-16,Normal,,,No,,,,G
"Ammonium acetate",631-61-8,"Murphy (Robert) Group","Mellon Institute - 189",Solid,500.00000000,g,C-20070962,,,,,,,2011-02-08,,2011-02-08,,2011-02-08,Normal,,,No,,,,G
"Ammonium chloride",12125-02-9,"Murphy (Robert) Group","Mellon Institute - 189",Solid,500.00000000,g,C-20062984,,,,,,,2007-12-13,,2007-12-13,,2007-12-13,Normal,,,No,,,,G
Apigenin,520-36-5,"Murphy (Robert) Group","Mellon Institute - 189",Solid,5.00000000,mg,C-20123359,,,freezer,,,,2017-03-16,,2017-03-16,,2017-03-16,Normal,,,No,,,,G
"Aristolochic acid",313-67-7,"Murphy (Robert) Group","Mellon Institute - 258",Solid,25.00000000,ug,C-20138273,Fridge,,,,,,2021-04-27,2021-04-27,2021-04-27,,2021-04-27,Normal,,,No,,,,D
"BIO-SAFE COOMASSIE STAIN",,"Murphy (Robert) Group","Mellon Institute - 189",Liquid,1.00000000,l,C-20070969,,,,,,,2011-02-08,,2011-02-08,,2011-02-08,Normal,,,No,,,,F
Bleach,,"Murphy (Robert) Group","Mellon Institute - 258",Liquid,1.00000000,l,C-20138259,"Under sink",,,,,,2021-04-27,2021-04-27,2021-04-27,,2021-04-27,Normal,,,No,,,,E
Bleach,,"Murphy (Robert) Group","Mellon Institute - 189",Liquid,1.00000000,l,C-20138260,"Under sink",,,,,,2021-04-27,2021-04-27,2021-04-27,,2021-04-27,Normal,,,No,,,,E
"bodipy 493/503",,"Murphy (Robert) Group","Mellon Institute - 189",Solid,5.00000000,mg,C-20057074,,2,freezer,"MOLECULAR PROBES, INC.",,,2018-03-21,,2018-03-21,,2018-03-21,Normal,,,No,,,,U
"Boric acid",10043-35-3,"Murphy (Robert) Group","Mellon Institute - 189",Solid,1.00000000,kg,C-20070954,,,,,,,2011-02-08,,2011-02-08,,2011-02-08,Normal,,,No,,,,G
"Brefeldin A",20350-15-6,"Murphy (Robert) Group","Mellon Institute - 189",Solid,25.00000000,mg,C-20123362,,,freezer,,,,2017-03-16,,2017-03-16,,2017-03-16,Normal,,,No,,,,G
"Buffer solution pH 10.0",,"Murphy (Robert) Group","Mellon Institute - 189",Liquid,500.00000000,ml,C-20110467,,,,,,,2014-07-24,,2014-07-24,,2014-07-24,Normal,,,No,,,,G
"Buffer solution pH 4.0",,"Murphy (Robert) Group","Mellon Institute - 189",Liquid,500.00000000,ml,C-20110468,,,,,,,2014-07-24,,2014-07-24,,2014-07-24,Normal,,,No,,,,G
"BUFFER SOLUTION, YELLOW (PH 7.0)",,"Murphy (Robert) Group","Mellon Institute - 189",Liquid,500.00000000,ml,C-20037468,,,,,,,2014-07-24,,2014-07-24,,2014-07-24,Normal,,,No,,,,U
"Carbon dioxide (liquefied)",124-38-9,"Murphy (Robert) Group","Mellon Institute - 258",Liquid,50.00000000,lbs,C-20070936,,,,"VALLEY NATIONAL GAS",,,2011-02-07,,2011-02-07,,2021-04-27,Normal,,,No,,,,G
"Carbon dioxide (liquefied)",124-38-9,"Murphy (Robert) Group","Mellon Institute - 189",Liquid,50.00000000,lbs,C-20070937,,,,"VALLEY NATIONAL GAS",,,2011-02-07,,2011-02-07,,2011-02-07,Normal,,,No,,,,G
Chloramphenicol,56-75-7,"Murphy (Robert) Group","Mellon Institute - 189",Solid,50.00000000,g,C-20123363,,,freezer,,,,2017-03-16,,2017-03-16,,2017-03-16,Normal,,,No,,,,G
Chloramphenicol,56-75-7,"Murphy (Robert) Group","Mellon Institute - 189",Solid,50.00000000,g,C-20123364,,,freezer,,,,2017-03-16,,2017-03-16,,2017-03-16,Normal,,,No,,,,G
"Chloroquine diphosphate salt",50-63-5,"Murphy (Robert) Group","Mellon Institute - 189",Solid,25.00000000,g,C-20123360,,,freezer,,,,2017-03-16,,2017-03-16,,2017-03-16,Normal,,,No,,,,G
"Clonidine hydrochloride",4205-91-8,"Murphy (Robert) Group","Mellon Institute - 189",Solid,100.00000000,mg,C-20070980,,,,,,,2011-02-08,,2011-02-08,,2011-02-08,Normal,,,No,,,,G
"Coenzyme Q10",303-98-0,"Murphy (Robert) Group","Mellon Institute - 189",Solid,100.00000000,mg,C-20127700,freezer,,,,,,2019-02-20,2019-02-20,2019-02-20,,2019-02-20,Normal,,,No,,,,G
Colchicine,64-86-8,"Murphy (Robert) Group","Mellon Institute - 189",Solid,100.00000000,mg,C-20123388,,,"4c fridge",,,,2017-03-16,,2017-03-16,,2017-03-16,Normal,,,No,,,,G
"Compressed air",132259-10-0,"Murphy (Robert) Group","Mellon Institute - 258",Gas,1.00000000,cylinder_large,C-20138262,,,,,,,2021-04-27,2021-04-27,2021-04-27,,2021-04-27,Normal,,,No,,,,G
"Concanavalin A",11028-71-0,"Murphy (Robert) Group","Mellon Institute - 189",Solid,25.00000000,mg,C-20127701,freezer,,,,,,2019-02-20,2019-02-20,2019-02-20,,2019-02-20,Normal,,,No,,,,G
"Diethyl pyrocarbonate",1609-47-8,"Murphy (Robert) Group","Mellon Institute - 189",Liquid,5.00000000,ml,C-20123376,,,"4c fridge",,,,2017-03-16,,2017-03-16,,2017-03-16,Normal,,,No,,,,L
Diethylstilbestrol,56-53-1,"Murphy (Robert) Group","Mellon Institute - 189",Solid,1.00000000,g,C-20123383,,,"4c fridge",,,,2017-03-16,,2017-03-16,,2017-03-16,Normal,,,No,,,,G
dimenhydrinate,,"Murphy (Robert) Group","Mellon Institute - 189",Solid,9.00000000,g,C-20054960,,,"4C fridge",,,,2017-03-16,,2017-03-16,,2017-03-16,Normal,,,No,,,,U
Dimethylsulfoxide,67-68-5,"Murphy (Robert) Group","Mellon Institute - 189",Liquid,5.00000000,l,C-20138494,,"Fume Hood",,,,,2021-06-16,2021-06-16,2021-06-16,,2021-06-16,Normal,,,No,,,,L
Dimethylsulfoxide,67-68-5,"Murphy (Robert) Group","Mellon Institute - 258",Liquid,1.00000000,l,C-20070945,"Flammable Hood",2nd,,,,,2011-02-07,,2011-02-07,,2021-06-16,Normal,,,No,,,,L
Dinitrophenol,25550-58-7,"Murphy (Robert) Group","Mellon Institute - 189",Solid,5.00000000,g,C-20123379,,,"4c fridge",,,,2017-03-16,,2017-03-16,,2017-03-16,Normal,,,No,,,,K
"Doxycycline hydrochloride",10592-13-9,"Murphy (Robert) Group","Mellon Institute - 189",Solid,500.00000000,mg,C-20127697,freezer,,,,,,2019-02-20,2019-02-20,2019-02-20,,2019-02-20,Normal,,,No,,,,G
"Econazole nitrate",24169-02-6,"Murphy (Robert) Group","Mellon Institute - 189",Solid,5.00000000,g,C-20123375,,,"fridge 4c",,,,2017-03-16,,2017-03-16,,2017-03-16,Normal,,,No,,,,G
Esculetin,305-01-1,"Murphy (Robert) Group","Mellon Institute - 189",Solid,1.00000000,g,C-20070960,,,,,,,2011-02-08,,2011-02-08,,2011-02-08,Normal,,,No,,,,G
"Ethidium bromide",1239-45-8,"Murphy (Robert) Group","Mellon Institute - 189",Solid,1.00000000,g,C-20110464,,,,ACROS,,,2014-07-24,,2014-07-24,,2014-07-24,Normal,,,No,,,,G
"Ethidium bromide aqueous solution",,"Murphy (Robert) Group","Mellon Institute - 189",Liquid,2.00000000,ml,C-20070944,,,,,,,2011-02-07,,2011-02-07,,2011-02-07,Normal,,,No,,,,G
"Ethyl alcohol",64-17-5,"Murphy (Robert) Group","Mellon Institute - 258",Liquid,1.00000000,gals,C-20070939,,,,PHARMCO-AAPER,,111000200,2011-02-07,,2011-02-07,,2021-04-27,Normal,,,No,,,,L
"Ethylene glycol-bis(2-aminoethylether)-N,N,N',N'-tetraacetic acid",67-42-5,"Murphy (Robert) Group","Mellon Institute - 189",Solid,25.00000000,g,C-20070957,,,,,,,2011-02-08,,2011-02-08,,2011-02-08,Normal,,,No,,,,G
"Ethylenediaminetetraacetic acid disodium salt dihydrate",6381-92-6,"Murphy (Robert) Group","Mellon Institute - 189",Solid,1.00000000,kg,C-20070956,,,,,,,2011-02-08,,2011-02-08,,2011-02-08,Normal,,,No,,,,D
Etoposide,33419-42-0,"Murphy (Robert) Group","Mellon Institute - 258",Solid,25.00000000,mg,C-20138274,Fridge,,,,,,2021-04-27,2021-04-27,2021-04-27,,2021-04-27,Normal,,,No,,,,G
Etoposide,33419-42-0,"Murphy (Robert) Group","Mellon Institute - 189",Solid,25.00000000,mg,C-20123390,,,"4c fridge",,,,2017-03-16,,2017-03-16,,2017-03-16,Normal,,,No,,,,G
"Fixative A Solution (contains methanol and formaldehyde)",,"Murphy (Robert) Group","Mellon Institute - 258",Liquid,20.00000000,ml,C-20138267,Fridge,,,,,,2021-04-27,2021-04-27,2021-04-27,,2021-04-27,Normal,,,No,,,,L
"Fixative A Solution (contains methanol and formaldehyde)",,"Murphy (Robert) Group","Mellon Institute - 258",Liquid,20.00000000,ml,C-20138268,Fridge,,,,,,2021-04-27,2021-04-27,2021-04-27,,2021-04-27,Normal,,,No,,,,L
"Fixative A Solution (contains methanol and formaldehyde)",,"Murphy (Robert) Group","Mellon Institute - 258",Liquid,20.00000000,ml,C-20138265,Fridge,,,,,,2021-04-27,2021-04-27,2021-04-27,,2021-04-27,Normal,,,No,,,,L
"Fixative A Solution (contains methanol and formaldehyde)",,"Murphy (Robert) Group","Mellon Institute - 258",Liquid,20.00000000,ml,C-20138266,Fridge,,,,,,2021-04-27,2021-04-27,2021-04-27,,2021-04-27,Normal,,,No,,,,L
"Fixative A Solution (contains methanol and formaldehyde)",,"Murphy (Robert) Group","Mellon Institute - 258",Liquid,20.00000000,ml,C-20138264,Fridge,,,,,,2021-04-27,2021-04-27,2021-04-27,,2021-04-27,Normal,,,No,,,,L
"Folinic acid, calcium salt",1492-18-8,"Murphy (Robert) Group","Mellon Institute - 189",Solid,100.00000000,mg,C-20123371,,,"4c fridge",,,,2017-03-16,,2017-03-16,,2017-03-16,Normal,,,No,,,,G
"formaldehyde solution 20% EM grade",,"Murphy (Robert) Group","Mellon Institute - 189",Liquid,10.00000000,ml,C-20006000,,,,,,,2013-07-23,,2013-07-23,,2013-07-23,Normal,,,No,,,,U
Ganciclovir,82410-32-0,"Murphy (Robert) Group","Mellon Institute - 189",Solid,100.00000000,mg,C-20070982,,,,,,,2011-02-08,,2011-02-08,,2011-02-08,Normal,,,No,,,,G
"Geranyl chloride",5389-87-7,"Murphy (Robert) Group","Mellon Institute - 189",Liquid,5.00000000,g,C-20125199,,1,"fridge box","SIGMA-ALDRICH, INC.",,,2018-03-21,,2018-03-21,,2018-03-21,Normal,,,No,,,,L
"Glacial acetic acid",64-19-7,"Murphy (Robert) Group","Mellon Institute - 189",Liquid,500.00000000,ml,C-20123349,,bottom,"flammable storage","FISHER SCIENTIFIC",,,2017-03-15,,2017-03-15,,2017-03-15,Normal,,,No,,,,D
GLUTAMAX-1,,"Murphy (Robert) Group","Mellon Institute - 189",Liquid,100.00000000,ml,C-20114675,,,,,,,2015-04-14,2015-03-04,2015-04-14,,2015-04-14,Normal,,,No,,,,G
Glycerol,56-81-5,"Murphy (Robert) Group","Mellon Institute - 258",Liquid,1.00000000,l,C-20138993,,,,,,,2021-09-09,2021-09-09,2021-09-09,,2021-09-09,Normal,,,No,,,,L
Glycerol,56-81-5,"Murphy (Robert) Group","Mellon Institute - 258",Liquid,1.00000000,l,C-20138936,,,,,,,2021-09-02,2021-09-02,2021-09-02,,2021-09-02,Normal,,,No,,,,L
"Glycine, N-methyl-N-(1-oxododecyl)-, sodium salt (1:1)",137-16-6,"Murphy (Robert) Group","Mellon Institute - 189",Solid,50.00000000,g,C-20070958,,,,,,,2011-02-08,,2011-02-08,,2011-02-08,Normal,,,No,,,,G
"Guanosine 5'-triphosphate, trisodium salt",36051-31-7,"Murphy (Robert) Group","Mellon Institute - 189",Solid,25.00000000,mg,C-20123368,,,freezer,,,,2017-03-16,,2017-03-16,,2017-03-16,Normal,,,No,,,,G
"Heparin sodium",9041-08-1,"Murphy (Robert) Group","Mellon Institute - 258",Solid,5.00000000,g,C-20138271,Fridge,,,,,,2021-04-27,2021-04-27,2021-04-27,,2021-04-27,Normal,,,No,,,,G
"Hoechst 33342",23491-52-3,"Murphy (Robert) Group","Mellon Institute - 189",Solid,10.00000000,ml,C-20114057,,,"4 degree freezer",,,H3570,2015-03-09,,2015-03-09,,2015-03-09,Normal,,,No,,,,A
"Hoechst 33342",23491-52-3,"Murphy (Robert) Group","Mellon Institute - 189",Solid,10.00000000,ml,C-20070940,,,,,,,2011-02-07,,2011-02-07,,2011-02-07,Normal,,,No,,,,A
"Hydrochloric acid, > or = 17% but < than 37% aqueous solution",,"Murphy (Robert) Group","Mellon Institute - 258",Liquid,1.00000000,l,C-20138258,Cabinet,,,,,,2021-04-27,2021-04-27,2021-04-27,,2021-04-27,Normal,,,No,,,,F
Hydroxyurea,127-07-1,"Murphy (Robert) Group","Mellon Institute - 189",Solid,1.00000000,g,C-20070976,,,,,,,2011-02-08,,2011-02-08,,2011-02-08,Normal,,,No,,,,G
IBUPROFEN,15687-27-1,"Murphy (Robert) Group","Mellon Institute - 189",Solid,1.00000000,g,C-20127695,,,,,,,2019-02-20,2019-02-20,2019-02-20,,2019-02-20,Normal,,,No,,,,D
"Insulin human recombinant",,"Murphy (Robert) Group","Mellon Institute - 189",Liquid,5.00000000,ml,C-20057075,,2,freezer,"GIBCO LABS",,,2018-03-21,,2018-03-21,,2018-03-21,Normal,,,No,,,,U
"Isopropyl alcohol (pure)",67-63-0,"Murphy (Robert) Group","Mellon Institute - 189",Liquid,1.50000000,l,C-20123350,,bottom,flammable,,,,2017-03-15,,2017-03-15,,2017-03-15,Normal,,,No,,,,L
"Isopropyl alcohol (pure)",67-63-0,"Murphy (Robert) Group","Mellon Institute - 189",Liquid,1.50000000,l,C-20123351,,bottom,flammable,,,,2017-03-15,,2017-03-15,,2017-03-15,Normal,,,No,,,,L
"Isopropyl alcohol 70-99% in water",,"Murphy (Robert) Group","Mellon Institute - 189",Liquid,1.00000000,l,C-20070961,,,,,,,2011-02-08,,2011-02-08,,2011-02-08,Normal,,,No,,,,L
"Isopropyl b-D-thioglucopyranoside",19165-11-8,"Murphy (Robert) Group","Mellon Institute - 189",Solid,1.00000000,g,C-20123355,,,freezer,,,,2017-03-16,,2017-03-16,,2017-03-16,Normal,,,No,,,,G
"Kanamycin sulfate (1:1)",25389-94-0,"Murphy (Robert) Group","Mellon Institute - 189",Solid,5.00000000,g,C-20123369,,,freezer,,,,2017-03-16,,2017-03-16,,2017-03-16,Normal,,,No,,,,G
"L-(+)-Lactic acid",79-33-4,"Murphy (Robert) Group","Mellon Institute - 189",Solid,1.00000000,g,C-20114686,,,,,,,2015-04-17,2015-04-17,2015-04-17,,2015-04-17,Normal,,,No,,,,D
L-Mimosine,500-44-7,"Murphy (Robert) Group","Mellon Institute - 189",Solid,25.00000000,mg,C-20070974,,,,,,,2011-02-08,,2011-02-08,,2011-02-08,Normal,,,No,,,,G
"Laminin solution",,"Murphy (Robert) Group","Mellon Institute - 189",Liquid,1.00000000,mg,C-20114678,,,,,,,2015-04-14,2015-04-13,2015-04-14,,2015-04-14,Normal,,,No,,,,G
"LAMP1 monocl",,"Murphy (Robert) Group","Mellon Institute - 189",Liquid,50.00000000,g,C-20043578,,,,,,,2015-04-30,2015-05-04,2015-04-30,,2015-04-30,Normal,,,No,,,,U
"LEPTOMYCIN B",87081-35-4,"Murphy (Robert) Group","Mellon Institute - 189",Liquid,50.00000000,ug,C-20054958,,,freezer,,,,2017-03-15,,2017-03-15,,2017-03-15,Normal,,,No,,,,U
"lipofectamine 3000",,"Murphy (Robert) Group","Mellon Institute - 189",Liquid,0.10000000,ml,C-20057071,,2,fridge,INVITROGEN,,,2018-03-21,,2018-03-21,,2018-03-21,Normal,,,No,,,,U
"lipofectamine 3000",,"Murphy (Robert) Group","Mellon Institute - 189",Liquid,0.10000000,ml,C-20057072,,2,fridge,INVITROGEN,,,2018-03-21,,2018-03-21,,2018-03-21,Normal,,,No,,,,U
"Liquid nitrogen",7727-37-9,"Murphy (Robert) Group","Mellon Institute - 189",Liquid,240.00000000,l,C-20121979,,,,,,,2016-07-14,2016-07-07,2016-07-14,,2016-07-14,Normal,,,No,,,,G
"Liquid nitrogen",7727-37-9,"Murphy (Robert) Group","Mellon Institute - 189",Liquid,240.00000000,l,C-20070938,,,,"VALLEY NATIONAL GAS",,,2011-02-07,,2011-02-07,,2011-02-07,Normal,,,No,,,,G
Lupeol,,"Murphy (Robert) Group","Mellon Institute - 189",Solid,25.00000000,mg,C-20057077,,3,fridge,SIGMA,,,2018-03-21,,2018-03-21,,2018-03-21,Normal,,,No,,,,U
"LysoTracker Red DND-99",,"Murphy (Robert) Group","Mellon Institute - 189",Liquid,50.00000000,ul,C-20043324,,,"-20 Freazer","LIFE TECHNOLOGIES",,L-7528,2015-03-09,,2015-03-09,,2015-03-09,Normal,,,No,,,,U
"LysoTracker Red DND-99",,"Murphy (Robert) Group","Mellon Institute - 189",Liquid,50.00000000,ul,C-20043348,,,"-20 Freazer","LIFE TECHNOLOGIES",,L-7528,2015-03-09,,2015-03-09,,2015-03-09,Normal,,,No,,,,U
"LysoTracker Red DND-99",,"Murphy (Robert) Group","Mellon Institute - 189",Liquid,50.00000000,ul,C-20043349,,,"-20 Freazer","LIFE TECHNOLOGIES",,L-7528,2015-03-09,,2015-03-09,,2015-03-09,Normal,,,No,,,,U
"LysoTracker Red DND-99",,"Murphy (Robert) Group","Mellon Institute - 189",Liquid,50.00000000,ul,C-20043351,,,"-20 Freazer","LIFE TECHNOLOGIES",,L-7528,2015-03-09,,2015-03-09,,2015-03-09,Normal,,,No,,,,U
"LysoTracker Red DND-99",,"Murphy (Robert) Group","Mellon Institute - 189",Liquid,50.00000000,ul,C-20043353,,,"-20 Freazer","LIFE TECHNOLOGIES",,L-7528,2015-03-09,,2015-03-09,,2015-03-09,Normal,,,No,,,,U
"LysoTracker Red DND-99",,"Murphy (Robert) Group","Mellon Institute - 189",Liquid,50.00000000,ul,C-20043356,,,"-20 Freazer","LIFE TECHNOLOGIES",,L-7528,2015-03-09,,2015-03-09,,2015-03-09,Normal,,,No,,,,U
"LysoTracker Red DND-99",,"Murphy (Robert) Group","Mellon Institute - 189",Liquid,50.00000000,ul,C-20043357,,,"-20 Freazer","LIFE TECHNOLOGIES",,L-7528,2015-03-09,,2015-03-09,,2015-03-09,Normal,,,No,,,,U
"LysoTracker Red DND-99",,"Murphy (Robert) Group","Mellon Institute - 189",Liquid,50.00000000,ul,C-20043358,,,"-20 Freazer","LIFE TECHNOLOGIES",,L-7528,2015-03-09,,2015-03-09,,2015-03-09,Normal,,,No,,,,U
"LysoTracker Red DND-99",,"Murphy (Robert) Group","Mellon Institute - 189",Liquid,50.00000000,ul,C-20043359,,,"-20 Freazer","LIFE TECHNOLOGIES",,L-7528,2015-03-09,,2015-03-09,,2015-03-09,Normal,,,No,,,,U
"LysoTracker Red DND-99",,"Murphy (Robert) Group","Mellon Institute - 189",Liquid,50.00000000,ul,C-20043360,,,"-20 Freazer","LIFE TECHNOLOGIES",,L-7528,2015-03-09,,2015-03-09,,2015-03-09,Normal,,,No,,,,U
"LysoTracker Red DND-99",,"Murphy (Robert) Group","Mellon Institute - 189",Liquid,50.00000000,ul,C-20043361,,,"-20 Freazer","LIFE TECHNOLOGIES",,L-7528,2015-03-09,,2015-03-09,,2015-03-09,Normal,,,No,,,,U
"LysoTracker Red DND-99",,"Murphy (Robert) Group","Mellon Institute - 189",Liquid,50.00000000,ul,C-20043362,,,"-20 Freazer","LIFE TECHNOLOGIES",,L-7528,2015-03-09,,2015-03-09,,2015-03-09,Normal,,,No,,,,U
"LysoTracker Red DND-99",,"Murphy (Robert) Group","Mellon Institute - 189",Liquid,50.00000000,ul,C-20043363,,,"-20 Freazer","LIFE TECHNOLOGIES",,L-7528,2015-03-09,,2015-03-09,,2015-03-09,Normal,,,No,,,,U
"LysoTracker Red DND-99",,"Murphy (Robert) Group","Mellon Institute - 189",Liquid,50.00000000,ul,C-20043364,,,"-20 Freazer","LIFE TECHNOLOGIES",,L-7528,2015-03-09,,2015-03-09,,2015-03-09,Normal,,,No,,,,U
"LysoTracker Red DND-99",,"Murphy (Robert) Group","Mellon Institute - 189",Liquid,50.00000000,ul,C-20043365,,,"-20 Freazer","LIFE TECHNOLOGIES",,L-7528,2015-03-09,,2015-03-09,,2015-03-09,Normal,,,No,,,,U
"LysoTracker Red DND-99",,"Murphy (Robert) Group","Mellon Institute - 189",Liquid,50.00000000,ul,C-20043366,,,"-20 Freazer","LIFE TECHNOLOGIES",,L-7528,2015-03-09,,2015-03-09,,2015-03-09,Normal,,,No,,,,U
"LysoTracker Red DND-99",,"Murphy (Robert) Group","Mellon Institute - 189",Liquid,50.00000000,ul,C-20043367,,,"-20 Freazer","LIFE TECHNOLOGIES",,L-7528,2015-03-09,,2015-03-09,,2015-03-09,Normal,,,No,,,,U
"LysoTracker Red DND-99",,"Murphy (Robert) Group","Mellon Institute - 189",Liquid,50.00000000,ul,C-20043368,,,"-20 Freazer","LIFE TECHNOLOGIES",,L-7528,2015-03-09,,2015-03-09,,2015-03-09,Normal,,,No,,,,U
"LysoTracker Red DND-99",,"Murphy (Robert) Group","Mellon Institute - 189",Liquid,50.00000000,ul,C-20043369,,,"-20 Freazer","LIFE TECHNOLOGIES",,L-7528,2015-03-09,,2015-03-09,,2015-03-09,Normal,,,No,,,,U
"LysoTracker Red DND-99",,"Murphy (Robert) Group","Mellon Institute - 189",Liquid,50.00000000,ul,C-20043370,,,"-20 Freazer","LIFE TECHNOLOGIES",,L-7528,2015-03-09,,2015-03-09,,2015-03-09,Normal,,,No,,,,U
"Magnesium chloride",7786-30-3,"Murphy (Robert) Group","Mellon Institute - 189",Solid,500.00000000,g,C-20070948,,,,,,,2011-02-08,,2011-02-08,,2011-02-08,Normal,,,No,,,,G
"Magnesium chloride",7786-30-3,"Murphy (Robert) Group","Mellon Institute - 189",Solid,500.00000000,g,C-20062982,,,,,,,2007-12-13,,2007-12-13,,2007-12-13,Normal,,,No,,,,G
mdivi-1,,"Murphy (Robert) Group","Mellon Institute - 189",Solid,5.00000000,mg,C-20054959,,,freezer,,,m0199,2017-03-15,,2017-03-15,,2017-03-15,Normal,,,No,,,,U
"Methylamine aqueous solution",,"Murphy (Robert) Group","Mellon Institute - 189",Liquid,1.00000000,l,C-20070967,,,,,,,2011-02-08,,2011-02-08,,2011-02-08,Normal,,,No,,,,A
"MitoTracker Deep Red FM",,"Murphy (Robert) Group","Mellon Institute - 189",Liquid,50.00000000,ug,C-20043323,,,"-20 freezer","LIFE TECHNOLOGIES",,M22426,2015-03-09,,2015-03-09,,2015-03-09,Normal,,,No,,,,U
"MitoTracker Deep Red FM",,"Murphy (Robert) Group","Mellon Institute - 189",Liquid,50.00000000,ug,C-20043325,,,"-20 freezer","LIFE TECHNOLOGIES",,M22426,2015-03-09,,2015-03-09,,2015-03-09,Normal,,,No,,,,U
"MitoTracker Deep Red FM",,"Murphy (Robert) Group","Mellon Institute - 189",Liquid,50.00000000,ug,C-20043326,,,"-20 freezer","LIFE TECHNOLOGIES",,M22426,2015-03-09,,2015-03-09,,2015-03-09,Normal,,,No,,,,U
"MitoTracker Deep Red FM",,"Murphy (Robert) Group","Mellon Institute - 189",Liquid,50.00000000,ug,C-20043327,,,"-20 freezer","LIFE TECHNOLOGIES",,M22426,2015-03-09,,2015-03-09,,2015-03-09,Normal,,,No,,,,U
"MitoTracker Deep Red FM",,"Murphy (Robert) Group","Mellon Institute - 189",Liquid,50.00000000,ug,C-20043328,,,"-20 freezer","LIFE TECHNOLOGIES",,M22426,2015-03-09,,2015-03-09,,2015-03-09,Normal,,,No,,,,U
"MitoTracker Deep Red FM",,"Murphy (Robert) Group","Mellon Institute - 189",Liquid,50.00000000,ug,C-20043329,,,"-20 freezer","LIFE TECHNOLOGIES",,M22426,2015-03-09,,2015-03-09,,2015-03-09,Normal,,,No,,,,U
"MitoTracker Deep Red FM",,"Murphy (Robert) Group","Mellon Institute - 189",Liquid,50.00000000,ug,C-20043330,,,"-20 freezer","LIFE TECHNOLOGIES",,M22426,2015-03-09,,2015-03-09,,2015-03-09,Normal,,,No,,,,U
"MitoTracker Deep Red FM",,"Murphy (Robert) Group","Mellon Institute - 189",Liquid,50.00000000,ug,C-20043332,,,"-20 freezer","LIFE TECHNOLOGIES",,M22426,2015-03-09,,2015-03-09,,2015-03-09,Normal,,,No,,,,U
"MitoTracker Deep Red FM",,"Murphy (Robert) Group","Mellon Institute - 189",Liquid,50.00000000,ug,C-20043334,,,"-20 freezer","LIFE TECHNOLOGIES",,M22426,2015-03-09,,2015-03-09,,2015-03-09,Normal,,,No,,,,U
"MitoTracker Deep Red FM",,"Murphy (Robert) Group","Mellon Institute - 189",Liquid,50.00000000,ug,C-20043336,,,"-20 freezer","LIFE TECHNOLOGIES",,M22426,2015-03-09,,2015-03-09,,2015-03-09,Normal,,,No,,,,U
"MitoTracker Deep Red FM",,"Murphy (Robert) Group","Mellon Institute - 189",Liquid,50.00000000,ug,C-20043338,,,"-20 freezer","LIFE TECHNOLOGIES",,M22426,2015-03-09,,2015-03-09,,2015-03-09,Normal,,,No,,,,U
"MitoTracker Deep Red FM",,"Murphy (Robert) Group","Mellon Institute - 189",Liquid,50.00000000,ug,C-20043339,,,"-20 freezer","LIFE TECHNOLOGIES",,M22426,2015-03-09,,2015-03-09,,2015-03-09,Normal,,,No,,,,U
"MitoTracker Deep Red FM",,"Murphy (Robert) Group","Mellon Institute - 189",Liquid,50.00000000,ug,C-20043340,,,"-20 freezer","LIFE TECHNOLOGIES",,M22426,2015-03-09,,2015-03-09,,2015-03-09,Normal,,,No,,,,U
"MitoTracker Deep Red FM",,"Murphy (Robert) Group","Mellon Institute - 189",Liquid,50.00000000,ug,C-20043341,,,"-20 freezer","LIFE TECHNOLOGIES",,M22426,2015-03-09,,2015-03-09,,2015-03-09,Normal,,,No,,,,U
"MitoTracker Deep Red FM",,"Murphy (Robert) Group","Mellon Institute - 189",Liquid,50.00000000,ug,C-20043342,,,"-20 freezer","LIFE TECHNOLOGIES",,M22426,2015-03-09,,2015-03-09,,2015-03-09,Normal,,,No,,,,U
"MitoTracker Deep Red FM",,"Murphy (Robert) Group","Mellon Institute - 189",Liquid,50.00000000,ug,C-20043343,,,"-20 freezer","LIFE TECHNOLOGIES",,M22426,2015-03-09,,2015-03-09,,2015-03-09,Normal,,,No,,,,U
"MitoTracker Deep Red FM",,"Murphy (Robert) Group","Mellon Institute - 189",Liquid,50.00000000,ug,C-20043344,,,"-20 freezer","LIFE TECHNOLOGIES",,M22426,2015-03-09,,2015-03-09,,2015-03-09,Normal,,,No,,,,U
"MitoTracker Deep Red FM",,"Murphy (Robert) Group","Mellon Institute - 189",Liquid,50.00000000,ug,C-20043345,,,"-20 freezer","LIFE TECHNOLOGIES",,M22426,2015-03-09,,2015-03-09,,2015-03-09,Normal,,,No,,,,U
"MitoTracker Deep Red FM",,"Murphy (Robert) Group","Mellon Institute - 189",Liquid,50.00000000,ug,C-20043346,,,"-20 freezer","LIFE TECHNOLOGIES",,M22426,2015-03-09,,2015-03-09,,2015-03-09,Normal,,,No,,,,U
"MitoTracker Deep Red FM",,"Murphy (Robert) Group","Mellon Institute - 189",Liquid,50.00000000,ug,C-20043347,,,"-20 freezer","LIFE TECHNOLOGIES",,M22426,2015-03-09,,2015-03-09,,2015-03-09,Normal,,,No,,,,U
"Monensin sodium",22373-78-0,"Murphy (Robert) Group","Mellon Institute - 189",Solid,500.00000000,mg,C-20070975,,,,,,,2011-02-08,,2011-02-08,,2011-02-08,Normal,,,No,,,,G
Myricetin,529-44-2,"Murphy (Robert) Group",,Solid,10.00000000,mg,C-20127696,,,,,,,2019-02-20,2019-02-20,2019-02-20,,2019-02-20,Normal,,,No,,,,G
"N - Lauroylsarcosine sodium",137-16-6,"Murphy (Robert) Group","Mellon Institute - 189",Solid,25.00000000,g,C-20054953,Center,"Second on Left shelf",Shelf,SIGMA,,L9150,2017-03-15,,2017-03-15,,2017-03-15,Normal,,,No,,,,U
"OLEIC ACID",112-80-1,"Murphy (Robert) Group","Mellon Institute - 189",Solid,1.00000000,g,C-20057076,,2,freezer,"SIGMA-ALDRICH, INC.",,,2018-03-21,,2018-03-21,,2018-03-21,Normal,,,No,,,,U
Paclitaxel,33069-62-4,"Murphy (Robert) Group","Mellon Institute - 189",Solid,5.00000000,mg,C-20123361,,,freezer,,,,2017-03-16,,2017-03-16,,2017-03-16,Normal,,,No,,,,G
Paraformaldehyde,30525-89-4,"Murphy (Robert) Group","Mellon Institute - 258",Solid,500.00000000,g,C-20138261,Fridge,,,,,,2021-04-27,2021-04-27,2021-04-27,,2021-04-27,Normal,,,No,,,,L
"Phosphate buffered saline solution",,"Murphy (Robert) Group","Mellon Institute - 189",Liquid,1000.00000000,ml,C-20110451,,,,AMBION,,AM9625,2014-07-24,,2014-07-24,,2014-07-24,Normal,,,No,,,,G
"Phosphate buffered saline solution",,"Murphy (Robert) Group","Mellon Institute - 189",Liquid,1000.00000000,ml,C-20070949,,,,,,,2011-02-08,,2011-02-08,,2011-02-08,Normal,,,No,,,,G
PIPES,5625-37-6,"Murphy (Robert) Group","Mellon Institute - 189",Solid,100.00000000,g,C-20070955,,,,,,,2011-02-08,,2011-02-08,,2011-02-08,Normal,,,No,,,,G
PIPES,5625-37-6,"Murphy (Robert) Group","Mellon Institute - 189",Solid,100.00000000,g,C-20070959,,,,,,,2011-02-08,,2011-02-08,,2011-02-08,Normal,,,No,,,,G
"POLY-D-LYSINE HYDROBROMIDE",27964-99-4,"Murphy (Robert) Group","Mellon Institute - 189",Liquid,5.00000000,mg,C-20043540,,,,,,,2015-04-14,,2015-04-14,,2015-04-14,Normal,,,No,,,,U
"Polyethylene glycol (Average MW >600)",25322-68-3,"Murphy (Robert) Group","Mellon Institute - 189",Solid,500.00000000,g,C-20114058,,,Shelf,,,,2015-03-09,,2015-03-09,,2015-03-09,Normal,,,No,,,,G
"Polyethylene glycol (Average MW >600)",25322-68-3,"Murphy (Robert) Group","Mellon Institute - 189",Solid,1000.00000000,g,C-20070963,,,,,,,2011-02-08,,2011-02-08,,2014-07-18,Normal,,,No,,,,G
"Potassium chloride",7447-40-7,"Murphy (Robert) Group","Mellon Institute - 189",Solid,500.00000000,g,C-20070965,,,,,,,2011-02-08,,2011-02-08,,2011-02-08,Normal,,,No,,,,G
"Potassium chloride",7447-40-7,"Murphy (Robert) Group","Mellon Institute - 189",Solid,500.00000000,g,C-20062981,,,,,,,2007-12-13,,2007-12-13,,2007-12-13,Normal,,,No,,,,G
"Potassium phosphate monobasic",7778-77-0,"Murphy (Robert) Group","Mellon Institute - 189",Solid,3.00000000,kg,C-20070966,,,,,,,2011-02-08,,2011-02-08,,2011-02-08,Normal,,,No,,,,G
"PROPIDIUM IODIDE SOLUTION",25535-16-4,"Murphy (Robert) Group","Mellon Institute - 189",Liquid,10.00000000,ml,C-20070943,,,,,,,2011-02-07,,2011-02-07,,2011-02-07,Normal,,,No,,,,G
"Quercetin 3'-methyl ether",480-19-3,"Murphy (Robert) Group","Mellon Institute - 189",Solid,10.00000000,g,C-20127694,"wall shelf (3rd shelf)",,,,,,2019-02-20,2019-02-20,2019-02-20,,2019-02-20,Normal,,,No,,,,G
"Rosmarinic acid",20283-92-5,"Murphy (Robert) Group","Mellon Institute - 258",Solid,10.00000000,mg,C-20138275,Fridge,,,,,,2021-04-27,2021-04-27,2021-04-27,,2021-04-27,Normal,,,No,,,,G
"Rosmarinic acid",20283-92-5,"Murphy (Robert) Group","Mellon Institute - 258",Solid,10.00000000,mg,C-20127703,fridge,,,,,,2019-02-20,2019-02-20,2019-02-20,,2021-04-27,Normal,,,No,,,,G
Serum,,"Murphy (Robert) Group","Mellon Institute - 258",Liquid,100.00000000,ml,C-20114680,,,,,,,2015-04-14,2015-04-13,2015-04-14,,2021-04-27,Normal,,,No,,,,G
"snake venom (Naja naja)",,"Murphy (Robert) Group","Mellon Institute - 189",Solid,15.00000000,mg,C-20054955,,,freezer,,,V4378-,2017-03-15,,2017-03-15,,2017-03-15,Normal,,,No,,,,U
"Snake venom from Crotalus atrox",,"Murphy (Robert) Group","Mellon Institute - 189",Solid,15.00000000,mg,C-20123353,,,freezer,SIGMA,,,2017-03-15,,2017-03-15,,2017-03-15,Normal,,,No,,,,G
"Sodium bicarbonate",144-55-8,"Murphy (Robert) Group","Mellon Institute - 189",Solid,500.00000000,g,C-20070947,,,,,,,2011-02-08,,2011-02-08,,2011-02-08,Normal,,,No,,,,G
"Sodium butyrate",156-54-7,"Murphy (Robert) Group","Mellon Institute - 189",Solid,5.00000000,g,C-20123356,,,freezer,,,,2017-03-16,,2017-03-16,,2017-03-16,Normal,,,No,,,,G
"Sodium butyrate",156-54-7,"Murphy (Robert) Group","Mellon Institute - 189",Solid,5.00000000,g,C-20123357,,,freezer,,,,2017-03-16,,2017-03-16,,2017-03-16,Normal,,,No,,,,G
"Sodium chloride",7647-14-5,"Murphy (Robert) Group","Mellon Institute - 189",Solid,500.00000000,g,C-20070952,,,,,,,2011-02-08,,2011-02-08,,2011-02-08,Normal,,,No,,,,G
"Sodium fluoride",7681-49-4,"Murphy (Robert) Group","Mellon Institute - 189",Solid,100.00000000,g,C-20123348,,"Second shelf on left",Shelf,SIGMA,,S6776,2017-03-15,,2017-03-15,,2017-03-15,Normal,,,No,,,,G
"Sodium hydroxide",1310-73-2,"Murphy (Robert) Group","Mellon Institute - 189",Solid,500.00000000,g,C-20110452,,,,,,,2014-07-24,,2014-07-24,,2014-07-24,Normal,,,No,,,,C
"Sodium lauryl sulfate",151-21-3,"Murphy (Robert) Group","Mellon Institute - 189",Solid,0.00000000,g,C-20123347,,,,"FISHER SCIENTIFIC",,BP166100,2017-03-15,,2017-03-15,,2017-03-15,Normal,,,No,,,,L
"Sodium phosphate",7601-54-9,"Murphy (Robert) Group","Mellon Institute - 189",Solid,500.00000000,g,C-20062983,,,,,,,2007-12-13,,2007-12-13,,2007-12-13,Normal,,,No,,,,G
"Sodium phosphate monobasic",7558-80-7,"Murphy (Robert) Group","Mellon Institute - 189",Solid,250.00000000,g,C-20070964,,,,,,,2011-02-08,,2011-02-08,,2011-02-08,Normal,,,No,,,,G
"Solder Contains Lead",,"Murphy (Robert) Group","Mellon Institute - 258",Solid,4.00000000,oz,C-20138269,"DIY Drawer",,,,,,2021-04-27,2021-04-27,2021-04-27,,2021-04-27,Normal,,,No,,,,G
Spermidine,124-20-9,"Murphy (Robert) Group","Mellon Institute - 189",Liquid,1.00000000,g,C-20123377,,,"4c fridge",,,,2017-03-16,,2017-03-16,,2017-03-16,Normal,,,No,,,,A
Staurosporine,62996-74-1,"Murphy (Robert) Group","Mellon Institute - 189",Solid,1.00000000,mg,C-20070942,,,,,,,2011-02-07,,2011-02-07,,2011-02-07,Normal,,,No,,,,G
"STE buffer solution",,"Murphy (Robert) Group","Mellon Institute - 189",Liquid,1.00000000,l,C-20070951,,,,,,,2011-02-08,,2011-02-08,,2011-02-08,Normal,,,No,,,,G
Stigmasterol,83-48-7,"Murphy (Robert) Group","Mellon Institute - 189",Solid,25.00000000,mg,C-20127707,"freezer venom box",,,,,,2019-02-20,2019-02-20,2019-02-20,,2019-02-20,Normal,,,No,,,,G
Stigmasterol,83-48-7,"Murphy (Robert) Group","Mellon Institute - 189",Solid,1.00000000,g,C-20127706,shelf,,,,,,2019-02-20,2019-02-20,2019-02-20,,2019-02-20,Normal,,,No,,,,G
Stigmasterol,83-48-7,"Murphy (Robert) Group","Mellon Institute - 189",Solid,1.00000000,g,C-20127705,shelf,,,,,,2019-02-20,2019-02-20,2019-02-20,,2019-02-20,Normal,,,No,,,,G
Sucrose,57-50-1,"Murphy (Robert) Group","Mellon Institute - 189",Solid,1.00000000,kg,C-20110466,,,,,,,2014-07-24,,2014-07-24,,2014-07-24,Normal,,,No,,,,G
"Tissue culture media (non-hazardous)",,"Murphy (Robert) Group","Mellon Institute - 258",Liquid,500.00000000,ml,C-20114673,,,,,,,2015-04-14,2015-04-06,2015-04-14,,2021-04-27,Normal,,,No,,,,G
"Transfection Reagent",,"Murphy (Robert) Group","Mellon Institute - 258",Liquid,75.00000000,ml,C-20114671,,,,,,11668027,2015-04-14,2015-04-09,2015-04-14,,2021-04-27,Normal,,,No,,,,G
"TRICHOSTATIN A",58880-19-6,"Murphy (Robert) Group","Mellon Institute - 189",Liquid,200.00000000,ul,C-20054957,,,freezer,,,T1952-200UL,2017-03-15,,2017-03-15,,2017-03-15,Normal,,,No,,,,U
Tris(hydroxymethyl)aminomethane,77-86-1,"Murphy (Robert) Group","Mellon Institute - 189",Solid,1.00000000,kg,C-20070953,,,,,,,2011-02-08,,2011-02-08,,2011-02-08,Normal,,,No,,,,A
"Tris/Glycine/SDS Buffer solution",,"Murphy (Robert) Group","Mellon Institute - 189",Liquid,1.00000000,l,C-20070970,,,,,,,2011-02-08,,2011-02-08,,2011-02-08,Normal,,,No,,,,G
"Triton X-100 reduced",92046-34-9,"Murphy (Robert) Group","Mellon Institute - 189",Liquid,500.00000000,ml,C-20110465,,,,,,,2014-07-24,,2014-07-24,,2014-07-24,Normal,,,No,,,,G
"TubulinTracker Green",,"Murphy (Robert) Group","Mellon Institute - 189",Liquid,1.00000000,ml,C-20037466,,,,INVITROGEN,,T34075,2014-07-24,,2014-07-24,,2014-07-24,Normal,,,No,,,,U
varespladib,,"Murphy (Robert) Group","Mellon Institute - 189",Solid,5.00000000,mg,C-20057073,,1,freezer,SIGMA,,,2018-03-21,,2018-03-21,,2018-03-21,Normal,,,No,,,,U
Vectashield,,"Murphy (Robert) Group","Mellon Institute - 189",Liquid,10.00000000,ml,C-20114676,,,,,,,2015-04-14,2015-03-09,2015-04-14,,2015-04-14,Normal,,,No,,,,G
"Vinblastine sulfate",143-67-9,"Murphy (Robert) Group","Mellon Institute - 189",Solid,1.00000000,mg,C-20070972,,,,,,,2011-02-08,,2011-02-08,,2011-02-08,Normal,,,No,,,,G
